{"cameraMode":{"drawMode":0,"name":"Shaded","section":"Shading Mode"},"sceneLighting":false,"audioPlay":false,"sceneViewState":{"m_AlwaysRefresh":false,"showFog":true,"showSkybox":false,"showFlares":true,"showImageEffects":true,"showParticleSystems":true,"showVisualEffectGraphs":true,"m_FxEnabled":true},"in2DMode":false,"pivot":{"x":6.969610691070557,"y":1.5837117433547974,"z":17.836742401123048},"rotation":{"x":0.21693331003189088,"y":-0.6087449789047241,"z":0.17795145511627198,"w":0.7420995831489563},"size":9.735343933105469,"orthographic":true}