{"cameraMode":{"drawMode":0,"name":"Shaded","section":"Shading Mode"},"sceneLighting":false,"audioPlay":false,"sceneViewState":{"m_AlwaysRefresh":false,"showFog":true,"showSkybox":false,"showFlares":true,"showImageEffects":true,"showParticleSystems":true,"showVisualEffectGraphs":true,"m_FxEnabled":true},"in2DMode":false,"pivot":{"x":-10.594198226928711,"y":1.6122556924819947,"z":-2.3625755310058595},"rotation":{"x":0.03359076380729675,"y":-0.01319215726107359,"z":0.00044342275941744447,"w":0.9993488788604736},"size":2.4892022609710695,"orthographic":false}