{"cameraMode":{"drawMode":0,"name":"Shaded","section":"Shading Mode"},"sceneLighting":true,"audioPlay":false,"sceneViewState":{"m_AlwaysRefresh":false,"showFog":true,"showSkybox":true,"showFlares":true,"showImageEffects":true,"showParticleSystems":true,"showVisualEffectGraphs":true,"m_FxEnabled":true},"in2DMode":false,"pivot":{"x":-1.096039891242981,"y":-14.60632038116455,"z":13.695645332336426},"rotation":{"x":0.6579236388206482,"y":0.01355358399450779,"z":-0.011843605898320675,"w":0.752872109413147},"size":24.461437225341798,"orthographic":true}