{"cameraMode":{"drawMode":0,"name":"Shaded","section":"Shading Mode"},"sceneLighting":true,"audioPlay":false,"sceneViewState":{"m_AlwaysRefresh":false,"showFog":true,"showSkybox":true,"showFlares":true,"showImageEffects":true,"showParticleSystems":true,"showVisualEffectGraphs":true,"m_FxEnabled":true},"in2DMode":false,"pivot":{"x":-0.3400001525878906,"y":73.87999725341797,"z":-0.6999998092651367},"rotation":{"x":0.6579236388206482,"y":0.01355358399450779,"z":-0.011843605898320675,"w":0.752872109413147},"size":16.22852897644043,"orthographic":true}